<html xmlns="http://www.w3.org/1999/xhtml">
<head>
    <meta content="text/html; charset=us-ascii" http-equiv="content-type"/>
    <title>EC-NexusIQServer Plugin</title>
    <link rel="stylesheet" href="../../plugins/EC-NexusIQServer-1.0.0.0/pluginhelp.css" type="text/css" media="screen"/>
</head>
<body>
<!--
    Generated by PluginWizardHelp
    https://github.com/electric-cloud/PluginWizardHelp
    Do *NOT* edit manually, use help file generation.
-->
<div class="help">
    <h1>EC-NexusIQServer</h1>
    <p>Plugin version 1.0.0.0</p>
    
    <p>Revised on October 18, 2018</p>
    
    <hr style="margin-left: -10px; margin-top: 10px; height: 1px; width: 100%; color: #5981BD;" noshade="noshade"/>
    <h1>Contents</h1>
    <ul>
    <li><a href="#overview">Overview</a></li>
    

    

    
    <li><a href="#CreateConfiguration">Plugin Configuration</a></li>
    

    <li><a href="#procedures">Plugin Procedures</a></li>
    

    <ul>
        

        <li><a href="#CreateBuildReport">CreateBuildReport</a></li>
        
    </ul>

    
    
    
    <li><a href="#releaseNotes">Release Notes</a></li>
</ul>
    <h3>Overview</h3>
    <p><p>Nexus IQ Server is the policy engine that powers Nexus Firewall, Lifecycle, and Auditor.
With IQ Server, you can:</p>
<ul>
<li>Share component intelligence with your teams so they make better decisions and build better software.</li>
<li>Implement a fully-customizeable policy engine letting you define which components are acceptable and which are not.</li>
<li>Provide a full suite of supported REST APIs that provide access to core features for custom implementations.</li>
<li>Our documentation is written to match the latest available release of the IQ Server and any associated integrations.</li>
</ul>
</p>
    
    

    
    <!--TODO custom blocks-->

    
    <div id="CreateConfiguration">
        <a name='CreateConfiguration' id="CreateConfiguration"> </a>
        <h2>Plugin Configurations</h2>

        <p>
            Plugin configurations are sets of parameters that apply
            across some or all of the plugin procedures. They
            reduce repetition of common values, create
            predefined parameter sets for end users, and
            securely store credentials where needed. Each configuration
            is given a unique name that is entered in designated
            parameters on procedures that use them.<br /><br />
        </p>

        <h3>Creating Plugin Configurations</h3>
        <p>To create plugin configurations in ElectricFlow,
            do these steps:</p>

        <li>Go to <b>Administration</b> &gt; <b>Plugins</b> to open the Plugin Manager.</li>
        <li>Find the EC-NexusIQServer-1.0.0.0 row.</li>
        <li>Click <b>Configure</b> to open the
             Configurations page.</li>
        <li>Click <b>Create Configuration</b>.</li>
        
        Configuration Parameters
        <table class="grid">
            <thead>
            <tr>
                <th>Parameter</th>
                <th>Description</th>
            </tr>
            </thead>
            <tbody>
            
            <tr>
                <td class="required">Configuration</td>
                <td>Unique name for the plugin configuration.</td>
            </tr>
            
            <tr>
                <td >Description</td>
                <td>Description for the plugin configuration.</td>
            </tr>
            
            <tr>
                <td >Java Location</td>
                <td>
            Full path to java binary or a command that should be used as java. If not set "java" will be used.
        </td>
            </tr>
            
            <tr>
                <td class="required">IQ Nexus CLI Location</td>
                <td>
            Specify the absolute path to the IQ Nexus CLI. For example /opt/DevSecOps/nexus-iq-cli-1.47.0-01.jar
        </td>
            </tr>
            
            <tr>
                <td class="required">IQ Nexus Server URL</td>
                <td>
            Specify the URL to the IQ Nexus server. For example http://nexus-iq-server:8070
        </td>
            </tr>
            
            <tr>
                <td class="required">Credential</td>
                <td>Specify the admin credentials for the IQ Nexus client to access the server.</td>
            </tr>
            
            </tbody>
        </table>
        
    </div>
    

    <h1 id="procedures">Plugin Procedures</h1>
    
    

    
    <div id="CreateBuildReport">
        <h2>CreateBuildReport</h2>
        
        
        <p>This procedure creates a build report using the Nexus CLI.</p>
        
        
            <p>This procedure creates Nexus IQ Server Build Report.</p>

        
        <h3>CreateBuildReport Parameters</h3>
        <table class="grid">
            <thead>
            <tr>
                <th>Parameter</th>
                <th>Description</th>
            </tr>
            </thead>
            <tbody>
            
            <tr>
                <td class="required">Configuration Name</td>
                <td>Specify a configuration name of an alrrady setup configuration.</td>
            </tr>
            
            <tr>
                <td class="required">Application ID</td>
                <td>
            The name of the Application for which Build Report needs to be created. For example sandbox-application.
        </td>
            </tr>
            
            <tr>
                <td class="required">Application WAR Location</td>
                <td>
            Specify the absolute path to the Application WAR file. For example /opt/DevSecOps/struts2-rest-showcase-*.war
        </td>
            </tr>
            
            </tbody>
        </table>
        
        <p>
            <h3>Create Build Report</h3>
<p>To Create Build Report in Flow interface, do these steps:</p>
<ul>
<li>Create Pipeline.</li>
<li>Create task.</li>
<li>In task definition choose Plugin and choose following parameters:
<br /><img src="../../plugins/EC-NexusIQServer/images/CreateBuildReport/PipelinePicker.png" /></li>
<li>Click on arrow.</li>
<li>Enter the following parameters:
<br /><img src="../../plugins/EC-NexusIQServer/images/CreateBuildReport/PipelineConfig.png" /></li>
</ul>
<p>After the pipeline runs, you can view the results, including the following step details:
<br /><img src="../../plugins/EC-NexusIQServer/images/CreateBuildReport/PipelineResult.png" />
<br />In the <b>CreateBuildReport</b> step, click the Log icon to see the diagnostic information. The output is similar to the following diagnostic report.
<br /><img src="../../plugins/EC-NexusIQServer/images/CreateBuildReport/PipelineLog.png" /></p>
<h4>Procedure Output Parameters</h4>
<table class="grid">
<thead>
<tr>
<th>Output Parameter (Electric Flow 8.3+)</th><th>Description</th>
</tr>
</thead>
<tr>
<td>Violation Summary</td>
<td>Something like this "Summary of policy violations: 7 critical, 3 severe, 0 moderate"</td>
</tr>
<tr>
<td>Build Report URL</td>
<td>Path to Build Report URL. Something like this http://nexus/ui/links/application/sandbox-application/report/806fbab9e4ed426e85e1a7ee721b0e6f</td>
</tr>
<tr>
<td>Critical Violation Count</td>
<td>Number of Critical Violations, for example 7</td>
</tr>
<tr>
<td>Severe Violation Count</td>
<td>Number of Severe Violations, for example 3</td>
</tr>
<tr>
<td>Moderate Violation Count</td>
<td>Number of Moderate of Violations, for example 0</td>
</tr>
<tr>
<td>Component Count </td>
<td>Number of Components Identified, for example 28</td>
</tr>
<tr>
<td>Security Issue Count</td>
<td>Number of Security Issues Identified, for example 27</td>
</tr>
<tr>
<td>License Issue Count</td>
<td>Number of License Issues Identified, for example 6</td>
</tr>
</table>

        </p>
        
    </div>

    

    

    

    <h1 id="releaseNotes">Release Notes</h1>
    
    <h3>EC-NexusIQServer 1.0.0</h3>
    <ul>
        
        <li>Initial release with CreateBuildReport procedure.</li>
        
    </ul>
    
</div>
</body>
</html>
